{
  "metadata": {
    "generated_at": "2026-02-06T12:45:02.956219",
    "n_budget": 200,
    "k_samples": 100
  },
  "problems": {
    "DTLZ1": {
      "igd_floor": {
        "p10": 0.01397300702030176,
        "p50": 0.014413830070745298,
        "p90": 0.01505091575466409
      },
      "emd_floor": {
        "p10": 0.008996099861813685,
        "p50": 0.011610486039383475,
        "p90": 0.016836088385463438
      },
      "gt_size": 2000
    },
    "DTLZ2": {
      "igd_floor": {
        "p10": 0.037870033061201805,
        "p50": 0.039266825674095125,
        "p90": 0.04115634947297862
      },
      "emd_floor": {
        "p10": 0.01892233942726393,
        "p50": 0.025867773960376615,
        "p90": 0.036141488501062635
      },
      "gt_size": 2000
    },
    "DTLZ3": {
      "igd_floor": {
        "p10": 0.0380368739534955,
        "p50": 0.03926976933223496,
        "p90": 0.04065953939753825
      },
      "emd_floor": {
        "p10": 0.019395747698158994,
        "p50": 0.02564750679309178,
        "p90": 0.04060966654740096
      },
      "gt_size": 2000
    },
    "DTLZ4": {
      "igd_floor": {
        "p10": 0.037777040652699795,
        "p50": 0.03903507981590911,
        "p90": 0.04033197528303094
      },
      "emd_floor": {
        "p10": 0.021152941758811595,
        "p50": 0.026322832782508333,
        "p90": 0.04331159230762769
      },
      "gt_size": 2000
    },
    "DTLZ5": {
      "igd_floor": {
        "p10": 0.0032254759715251123,
        "p50": 0.0035196358242495967,
        "p90": 0.003877098003960878
      },
      "emd_floor": {
        "p10": 0.012361443172318808,
        "p50": 0.020797984920508095,
        "p90": 0.04859006501897648
      },
      "gt_size": 2000
    },
    "DTLZ6": {
      "igd_floor": {
        "p10": 0.003214424544665441,
        "p50": 0.0034998073077247534,
        "p90": 0.003936172209673668
      },
      "emd_floor": {
        "p10": 0.013270716204104827,
        "p50": 0.02233384670160702,
        "p90": 0.036162940677773724
      },
      "gt_size": 2000
    },
    "DTLZ7": {
      "igd_floor": {
        "p10": 0.031073914815622748,
        "p50": 0.03238489267455795,
        "p90": 0.03484899343835841
      },
      "emd_floor": {
        "p10": 0.024848838298937997,
        "p50": 0.041826417306009396,
        "p90": 0.058307771825678464
      },
      "gt_size": 601
    },
    "DTLZ8": {
      "igd_floor": {
        "p10": 0.027452289741461074,
        "p50": 0.028254031377643027,
        "p90": 0.029584100587268104
      },
      "emd_floor": {
        "p10": 0.0147419289885228,
        "p50": 0.016546668012564006,
        "p90": 0.027649114670147534
      },
      "gt_size": 1000
    },
    "DTLZ9": {
      "igd_floor": {
        "p10": 0.00393730149373009,
        "p50": 0.004337375578457703,
        "p90": 0.00515879618234764
      },
      "emd_floor": {
        "p10": 0.014890276743930753,
        "p50": 0.026032355457380314,
        "p90": 0.03775566762028835
      },
      "gt_size": 2000
    },
    "DPF1": {
      "igd_floor": {
        "p10": 0.0016998816784603514,
        "p50": 0.0018344671453080367,
        "p90": 0.002012640305623928
      },
      "emd_floor": {
        "p10": 0.006325339204447108,
        "p50": 0.010033340725639234,
        "p90": 0.01604802515612895
      },
      "gt_size": 10000
    },
    "DPF2": {
      "igd_floor": {
        "p10": 0.016397175329814027,
        "p50": 0.01839143506364361,
        "p90": 0.02092575225888466
      },
      "emd_floor": {
        "p10": 0.04998282215876677,
        "p50": 0.08159427134219238,
        "p90": 0.1713576560554586
      },
      "gt_size": 4793
    },
    "DPF3": {
      "igd_floor": {
        "p10": 0.002706636296251026,
        "p50": 0.003445157746526772,
        "p90": 0.004683271115931281
      },
      "emd_floor": {
        "p10": 0.005286459198230892,
        "p50": 0.00895760156468033,
        "p90": 0.02050139988745729
      },
      "gt_size": 1573
    },
    "DPF4": {
      "igd_floor": {
        "p10": 0.004167073137495196,
        "p50": 0.0045382674220985405,
        "p90": 0.005054783258835873
      },
      "emd_floor": {
        "p10": 0.010891775182900364,
        "p50": 0.016627905370159086,
        "p90": 0.02413914988083514
      },
      "gt_size": 10000
    },
    "DPF5": {
      "igd_floor": {
        "p10": 0.018936742395226552,
        "p50": 0.020321402256226993,
        "p90": 0.022001869935526955
      },
      "emd_floor": {
        "p10": 0.019031221678306415,
        "p50": 0.02861985632958005,
        "p90": 0.046346095390744836
      },
      "gt_size": 10000
    }
  }
}